"Id-offerta","CIG","oggetto-offerta","data-contratto-offerta","importo-offerta","offerente","data-ricezione-offerta"
"17506","410706486C","Restauro architettonico e messa in sicurezza della Casa delle Pareti Rosse",,"93819.88","EDIL.RE.CO.S","2012-09-06"
"20146","4106773848","Restauro architettonico e strutturale Casa dei Dioscuri",,"773875.23","Research Consorzio","2012-09-07"
"20159","4106773848","Restauro architettonico e strutturale Casa dei Dioscuri",,"939352.05","Pa.Co. Pacifico Costruzioni","2012-09-07"
"20161","4106773848","Restauro architettonico e strutturale Casa dei Dioscuri",,"918601.79","C.I.E.S. COSTRUZIONI INDUSTRIALIZZATE EDILI STRADALI","2012-09-07"
"20226","4106773848","Restauro architettonico e strutturale Casa dei Dioscuri",,"986008.03","Ronga","2012-09-04"
"20227","4106773848","Restauro architettonico e strutturale Casa dei Dioscuri",,"842531.55","Lucci Salvatore Impresa di Costruzioni","2012-09-05"
"20228","4106773848","Restauro architettonico e strutturale Casa dei Dioscuri",,"965073.17","Iota Restauro","2012-09-05"
"20230","4106773848","Restauro architettonico e strutturale Casa dei Dioscuri",,"870280.66","COOPERATIVA ARCHEOLOGIA","2012-09-06"
"20231","4106773848","Restauro architettonico e strutturale Casa dei Dioscuri",,"1018412.42","TECNORES","2012-09-06"
"20232","4106773848","Restauro architettonico e strutturale Casa dei Dioscuri","2013-05-14","685162.35","Perillo Costruzioni Generali","2012-09-06"
"20233","4106773848","Restauro architettonico e strutturale Casa dei Dioscuri",,"944267.19","IMPRESA INGG MARIO E PAOLO COSENZA SRL","2012-09-06"
"20234","4106773848","Restauro architettonico e strutturale Casa dei Dioscuri",,"872220.7","Ar.fe.ga.","2012-09-06"
"20235","4106773848","Restauro architettonico e strutturale Casa dei Dioscuri",,"987327.03","Vitiello s.r.l.","2012-09-06"
"20236","4106773848","Restauro architettonico e strutturale Casa dei Dioscuri",,"750680.57","EDIL.RE.CO.S","2012-09-06"
"20237","4106773848","Restauro architettonico e strutturale Casa dei Dioscuri",,"952977.01","SAMOA RESTAURI SRL","2012-09-07"
"20238","4106773848","Restauro architettonico e strutturale Casa dei Dioscuri",,"1023173.68","Edilerica","2012-09-07"
"20239","4106773848","Restauro architettonico e strutturale Casa dei Dioscuri",,"1071116.55","Edil COOP","2012-09-07"
"20250","41064963B3","Consolidamento e restauro delle strutture della Casa del Criptoportico",,"396703.47","RCR Edilizia","2012-09-04"
"20251","41064963B3","Consolidamento e restauro delle strutture della Casa del Criptoportico",,"354087.06","TEKNO DOMUS RESTAURI S.R.L.","2012-09-07"
"20252","41064963B3","Consolidamento e restauro delle strutture della Casa del Criptoportico",,"406072.63","NEI RESTAURO E COSTRUZIONI SRL","2012-09-07"
"20253","41064963B3","Consolidamento e restauro delle strutture della Casa del Criptoportico",,"305184.1","SAMOA RESTAURI SRL","2012-07-07"
"20254","41064963B3","Consolidamento e restauro delle strutture della Casa del Criptoportico",,"315282.47","ES SRL PROGETTI E SISTEMI","2012-09-05"
"20255","41064963B3","Consolidamento e restauro delle strutture della Casa del Criptoportico",,"304949.57","Arkaikos Restauri","2012-09-05"
"20436","41064963B3","Consolidamento e restauro delle strutture della Casa del Criptoportico",,"310408.01","TECNORES","2012-09-06"
"20437","41064963B3","Consolidamento e restauro delle strutture della Casa del Criptoportico",,"468878.47","Lande","2012-09-06"
"20438","41064963B3","Consolidamento e restauro delle strutture della Casa del Criptoportico","2013-05-14","303687","Perillo Costruzioni Generali","2012-09-06"
"20442","41064963B3","Consolidamento e restauro delle strutture della Casa del Criptoportico",,"397951.59","Lattanzi","2012-09-06"
"20449","41064963B3","Consolidamento e restauro delle strutture della Casa del Criptoportico",,"401664.73","Valentino Giuseppe - Società di costruzioni e restauro monumenti","2012-09-05"
"20450","41064963B3","Consolidamento e restauro delle strutture della Casa del Criptoportico",,"361674.14","Iota Restauro","2012-09-05"
"20451","41064963B3","Consolidamento e restauro delle strutture della Casa del Criptoportico",,"355343.96","IMPRESA INGG MARIO E PAOLO COSENZA SRL","2012-09-06"
"20457","41064963B3","Consolidamento e restauro delle strutture della Casa del Criptoportico",,"437388.33","Galadini & C.","2012-09-07"
"20458","41064963B3","Consolidamento e restauro delle strutture della Casa del Criptoportico",,"408705.95","CO.GE.P.AR. COSTRUZIONI GENERALI SAS","2012-09-07"
"20459","41064963B3","Consolidamento e restauro delle strutture della Casa del Criptoportico",,"444161.96","Edil COOP","2012-09-07"
"20460","41064963B3","Consolidamento e restauro delle strutture della Casa del Criptoportico",,"387580.51","ARCHEO&RESTAURI SRL","2012-09-07"
"20461","41064963B3","Consolidamento e restauro delle strutture della Casa del Criptoportico",,"438424.12","Edilerica","2012-09-07"
"20462","41064963B3","Consolidamento e restauro delle strutture della Casa del Criptoportico",,"368132.27","Lucci Salvatore Impresa di Costruzioni","2012-09-05"
"20463","41064963B3","Consolidamento e restauro delle strutture della Casa del Criptoportico",,"339473.08","IMPROMED CONSORZIO STABILE S.p.A.","2012-09-07"
"20464","41064963B3","Consolidamento e restauro delle strutture della Casa del Criptoportico",,"289598.22","MINERVA di Vassallo Ludovico C.","2012-09-07"
"20467","41064963B3","Consolidamento e restauro delle strutture della Casa del Criptoportico",,"326646.03","Forte Costruzioni e Restauri","2012-09-04"
"20483","41064963B3","Consolidamento e restauro delle strutture della Casa del Criptoportico",,"372477.13","Gherardi ing. Giancarlo","2012-07-07"
"20484","41064963B3","Consolidamento e restauro delle strutture della Casa del Criptoportico",,"282667.58","I.CO.RES. S.r.l.","2012-07-07"
"20485","41064963B3","Consolidamento e restauro delle strutture della Casa del Criptoportico",,"270672.65","EDIL.RE.CO.S","2012-09-06"
"21047","410706486C","Restauro architettonico e messa in sicurezza della Casa delle Pareti Rosse",,"116540.2","Varchetta Maurilio Impresa Edile","2012-08-30"
"21135","410706486C","Restauro architettonico e messa in sicurezza della Casa delle Pareti Rosse",,"137006.77","Isam","2012-08-30"
"21143","410706486C","Restauro architettonico e messa in sicurezza della Casa delle Pareti Rosse",,"120983.66","General Costruzioni di Patella Giovanni","2012-09-03"
"21144","410706486C","Restauro architettonico e messa in sicurezza della Casa delle Pareti Rosse",,"135068.29","RCR Edilizia","2012-09-04"
"21146","410706486C","Restauro architettonico e messa in sicurezza della Casa delle Pareti Rosse","2013-11-06","108984.75","Forte Costruzioni e Restauri","2012-09-04"
"21147","410706486C","Restauro architettonico e messa in sicurezza della Casa delle Pareti Rosse",,"117808.42","ES SRL PROGETTI E SISTEMI","2012-09-05"
"21148","410706486C","Restauro architettonico e messa in sicurezza della Casa delle Pareti Rosse",,"118129.7","Lucci Salvatore Impresa di Costruzioni","2012-09-05"
"21154","410706486C","Restauro architettonico e messa in sicurezza della Casa delle Pareti Rosse",,"144268.29","Costruzioni Generali G.S.V.M.D.","2012-09-05"
"21163","410706486C","Restauro architettonico e messa in sicurezza della Casa delle Pareti Rosse",,"124293.34","Medusa Restauri","2012-09-05"
"21168","410706486C","Restauro architettonico e messa in sicurezza della Casa delle Pareti Rosse",,"142603.4","D'Erchia restauri","2012-09-05"
"21332","410706486C","Restauro architettonico e messa in sicurezza della Casa delle Pareti Rosse",,"125237.46","Ada Restauri","2012-09-05"
"21333","410706486C","Restauro architettonico e messa in sicurezza della Casa delle Pareti Rosse",,"120184.03","Iota Restauro","2012-09-05"
"21334","410706486C","Restauro architettonico e messa in sicurezza della Casa delle Pareti Rosse",,"133126.34","Valentino Giuseppe - Società di costruzioni e restauro monumenti","2012-09-05"
"21426","41064963B3","Consolidamento e restauro delle strutture della Casa del Criptoportico",,"375990.15","G&G Costruzioni","2012-09-06"
"21427","41064963B3","Consolidamento e restauro delle strutture della Casa del Criptoportico",,"404813.09","COOPERATIVA ARCHEOLOGIA","2012-09-06"
"21428","41064963B3","Consolidamento e restauro delle strutture della Casa del Criptoportico",,"393290.84","Vitiello s.r.l.","2012-09-06"
"21429","41064963B3","Consolidamento e restauro delle strutture della Casa del Criptoportico",,"377873.04","Ar.fe.ga.","2012-09-06"
"21435","41064963B3","Consolidamento e restauro delle strutture della Casa del Criptoportico",,"477082.75","CFC Group","2012-09-07"
"21436","410706486C","Restauro architettonico e messa in sicurezza della Casa delle Pareti Rosse",,"123506.82","Perillo Costruzioni Generali","2012-09-06"
"21437","410706486C","Restauro architettonico e messa in sicurezza della Casa delle Pareti Rosse",,"115991.48","TECNORES","2012-09-06"
"21438","410706486C","Restauro architettonico e messa in sicurezza della Casa delle Pareti Rosse",,"162827.28","Lande","2012-09-06"
"21440","410706486C","Restauro architettonico e messa in sicurezza della Casa delle Pareti Rosse",,"132422.99","Lattanzi","2012-09-06"
"21441","410706486C","Restauro architettonico e messa in sicurezza della Casa delle Pareti Rosse",,"120195.91","MATERAZZO ING. LUCIO SRL","2012-09-06"
"21442","410706486C","Restauro architettonico e messa in sicurezza della Casa delle Pareti Rosse",,"121833.09","Ar.fe.ga.","2012-09-06"
"21443","410706486C","Restauro architettonico e messa in sicurezza della Casa delle Pareti Rosse",,"139354.87","COOPERATIVA ARCHEOLOGIA","2012-09-06"
"21444","410706486C","Restauro architettonico e messa in sicurezza della Casa delle Pareti Rosse",,"132529.4","Vitiello s.r.l.","2012-09-06"
"21445","410706486C","Restauro architettonico e messa in sicurezza della Casa delle Pareti Rosse",,"120013.49","IMPRESA INGG MARIO E PAOLO COSENZA SRL","2012-09-06"
"21446","410706486C","Restauro architettonico e messa in sicurezza della Casa delle Pareti Rosse",,"99795.72","G&G Costruzioni","2012-09-06"
"21647","41064963B3","Consolidamento e restauro delle strutture della Casa del Criptoportico",,"402029","DRD COSTRUZIONI S.R.L.","2012-09-04"
"21937","410706486C","Restauro architettonico e messa in sicurezza della Casa delle Pareti Rosse",,"162957.3","CFC Group","2012-09-07"
"21938","410706486C","Restauro architettonico e messa in sicurezza della Casa delle Pareti Rosse",,"116234.36","CO.GE.P.AR. COSTRUZIONI GENERALI SAS","2012-09-07"
"21939","410706486C","Restauro architettonico e messa in sicurezza della Casa delle Pareti Rosse",,"129580.7","Gherardi ing. Giancarlo","2012-09-07"
"21942","410706486C","Restauro architettonico e messa in sicurezza della Casa delle Pareti Rosse",,"113546.4","SAMOA RESTAURI SRL","2012-09-07"
"21945","410706486C","Restauro architettonico e messa in sicurezza della Casa delle Pareti Rosse",,"148543.41","Edilerica","2012-09-07"
"21946","410706486C","Restauro architettonico e messa in sicurezza della Casa delle Pareti Rosse",,"129825.08","ARCHEO&RESTAURI SRL","2012-09-07"
"21947","410706486C","Restauro architettonico e messa in sicurezza della Casa delle Pareti Rosse",,"123378.33","C.A.T.","2012-09-07"
"21962","410706486C","Restauro architettonico e messa in sicurezza della Casa delle Pareti Rosse",,"114835.83","MINERVA di Vassallo Ludovico C.","2012-09-07"
"21963","410706486C","Restauro architettonico e messa in sicurezza della Casa delle Pareti Rosse",,"132965.21","NEI RESTAURO E COSTRUZIONI SRL","2012-09-07"
"21964","410706486C","Restauro architettonico e messa in sicurezza della Casa delle Pareti Rosse",,"143296.53","Edil COOP","2012-09-07"
"21975","410706486C","Restauro architettonico e messa in sicurezza della Casa delle Pareti Rosse",,"119648.02","Fa.Ga.","2012-09-07"
"21976","410706486C","Restauro architettonico e messa in sicurezza della Casa delle Pareti Rosse",,"106198.56","TEKNO DOMUS RESTAURI S.R.L.","2012-09-07"
"21977","410706486C","Restauro architettonico e messa in sicurezza della Casa delle Pareti Rosse",,"145250.63","Galadini & C.","2012-09-07"
"21978","410706486C","Restauro architettonico e messa in sicurezza della Casa delle Pareti Rosse",,"108556.29","IMPROMED CONSORZIO STABILE S.p.A.","2012-09-07"
"22426","46223167d3","Lavori di messa in sicurezza previo assetto idrogeologico dei terreni demaniali a confine area di scavo (III – IX)",,"1342452.94","A.D. Restauri & Costruzioni","2012-12-11"
"22526","46223167d3","Lavori di messa in sicurezza previo assetto idrogeologico dei terreni demaniali a confine area di scavo (III – IX)",,"1436993.61","A.P.S. Costruzioni S.r.l.","2012-12-11"
"22527","46223167d3","Lavori di messa in sicurezza previo assetto idrogeologico dei terreni demaniali a confine area di scavo (III – IX)",,,"APPALTI IN RESTAURI S.R.L.","2012-12-11"
"22528","46223167d3","Lavori di messa in sicurezza previo assetto idrogeologico dei terreni demaniali a confine area di scavo (III – IX)",,"1297897.74","ARCHEO&RESTAURI SRL","2012-12-11"
"22529","46223167d3","Lavori di messa in sicurezza previo assetto idrogeologico dei terreni demaniali a confine area di scavo (III – IX)",,"1401998.52","Brigante Engineering","2012-12-11"
"22530","46223167d3","Lavori di messa in sicurezza previo assetto idrogeologico dei terreni demaniali a confine area di scavo (III – IX)",,,"C.I.E.S. COSTRUZIONI INDUSTRIALIZZATE EDILI STRADALI","2012-12-11"
"22531","46223167d3","Lavori di messa in sicurezza previo assetto idrogeologico dei terreni demaniali a confine area di scavo (III – IX)",,"1461462.94","CO.GE.P.AR. COSTRUZIONI GENERALI SAS","2012-12-11"
"22532","46223167d3","Lavori di messa in sicurezza previo assetto idrogeologico dei terreni demaniali a confine area di scavo (III – IX)",,,"CON.TEC.","2012-12-11"
"22533","46223167d3","Lavori di messa in sicurezza previo assetto idrogeologico dei terreni demaniali a confine area di scavo (III – IX)",,,"Consorzio Conpat","2012-12-11"
"22534","46223167d3","Lavori di messa in sicurezza previo assetto idrogeologico dei terreni demaniali a confine area di scavo (III – IX)",,,"CONSORZIO NAZIONALE COOPERATIVE DI PRODUZIONE E LAVORO ""CIRO MENOTTI"" SCPA","2012-12-11"
"22535","46223167d3","Lavori di messa in sicurezza previo assetto idrogeologico dei terreni demaniali a confine area di scavo (III – IX)",,"1424451.14","Consorzio Stabile Grandi Opere S.c.a.r.l.","2012-12-11"
"22536","46223167d3","Lavori di messa in sicurezza previo assetto idrogeologico dei terreni demaniali a confine area di scavo (III – IX)",,"1662803.01","COSTRUZIONI MERIDIONALI srl","2012-12-11"
"22537","46223167d3","Lavori di messa in sicurezza previo assetto idrogeologico dei terreni demaniali a confine area di scavo (III – IX)",,"1282555.12","DELL'ACQUA COSTRUZIONI GENERALI s.r.l.","2012-12-11"
"22538","46223167d3","Lavori di messa in sicurezza previo assetto idrogeologico dei terreni demaniali a confine area di scavo (III – IX)",,"1489854.03","EDIL CO SRL","2012-12-11"
"22539","46223167d3","Lavori di messa in sicurezza previo assetto idrogeologico dei terreni demaniali a confine area di scavo (III – IX)",,"1621271.84","ERAGON CONSORZIO STABILE","2012-12-11"
"22540","46223167d3","Lavori di messa in sicurezza previo assetto idrogeologico dei terreni demaniali a confine area di scavo (III – IX)",,"1330132.24","ES SRL PROGETTI E SISTEMI","2012-12-11"
"22541","46223167d3","Lavori di messa in sicurezza previo assetto idrogeologico dei terreni demaniali a confine area di scavo (III – IX)",,,"Forte Costruzioni e Restauri","2012-12-11"
"22542","46223167d3","Lavori di messa in sicurezza previo assetto idrogeologico dei terreni demaniali a confine area di scavo (III – IX)",,"1393225.33","GI.VI. COSTRUZIONI S.R.L.","2012-12-11"
"22543","46223167d3","Lavori di messa in sicurezza previo assetto idrogeologico dei terreni demaniali a confine area di scavo (III – IX)",,"1325647.25","GRUPPO GE.DI. s.r.l.","2012-12-11"
"22544","46223167d3","Lavori di messa in sicurezza previo assetto idrogeologico dei terreni demaniali a confine area di scavo (III – IX)",,"1319022.89","HERA RESTAURI S.R.L.","2012-12-11"
"22545","46223167d3","Lavori di messa in sicurezza previo assetto idrogeologico dei terreni demaniali a confine area di scavo (III – IX)",,"1505891.34","I.C.G. SRL UNIPERSONALE","2012-12-11"
"22546","46223167d3","Lavori di messa in sicurezza previo assetto idrogeologico dei terreni demaniali a confine area di scavo (III – IX)",,,"IMPRESA CENTORE GIUSEPPE","2012-12-11"
"22547","46223167d3","Lavori di messa in sicurezza previo assetto idrogeologico dei terreni demaniali a confine area di scavo (III – IX)",,,"IMPRESA INGG MARIO E PAOLO COSENZA SRL","2012-12-11"
"22548","46223167d3","Lavori di messa in sicurezza previo assetto idrogeologico dei terreni demaniali a confine area di scavo (III – IX)",,"1330149.37","IMPRESA SICOBE","2012-12-11"
"22549","46223167d3","Lavori di messa in sicurezza previo assetto idrogeologico dei terreni demaniali a confine area di scavo (III – IX)",,"1409811.04","INGEGNER ANTONIO POMPA S.R.L.","2012-12-11"
"22550","46223167d3","Lavori di messa in sicurezza previo assetto idrogeologico dei terreni demaniali a confine area di scavo (III – IX)",,,"Lande","2012-12-11"
"22551","46223167d3","Lavori di messa in sicurezza previo assetto idrogeologico dei terreni demaniali a confine area di scavo (III – IX)",,"1413415.66","LANGELLA s.r.l.","2012-12-11"
"22552","46223167d3","Lavori di messa in sicurezza previo assetto idrogeologico dei terreni demaniali a confine area di scavo (III – IX)",,"1370027.71","Lucci Salvatore Impresa di Costruzioni","2012-12-11"
"22553","46223167d3","Lavori di messa in sicurezza previo assetto idrogeologico dei terreni demaniali a confine area di scavo (III – IX)",,"1452883.18","M. & A. Costruzioni S.r.l.","2012-12-11"
"22554","46223167d3","Lavori di messa in sicurezza previo assetto idrogeologico dei terreni demaniali a confine area di scavo (III – IX)",,"1435492.88","NEI RESTAURO E COSTRUZIONI SRL","2012-12-11"
"22555","46223167d3","Lavori di messa in sicurezza previo assetto idrogeologico dei terreni demaniali a confine area di scavo (III – IX)","2014-03-20","1339547.43","Perillo Costruzioni Generali","2012-12-11"
"22558","46223167d3","Lavori di messa in sicurezza previo assetto idrogeologico dei terreni demaniali a confine area di scavo (III – IX)",,"1356324.28","RCR Edilizia","2012-12-11"
"22559","46223167d3","Lavori di messa in sicurezza previo assetto idrogeologico dei terreni demaniali a confine area di scavo (III – IX)",,,"RE.CO. Restauro e Conservazione con socio unico","2012-12-11"
"22560","46223167d3","Lavori di messa in sicurezza previo assetto idrogeologico dei terreni demaniali a confine area di scavo (III – IX)",,"1306262.72","Research Consorzio","2012-12-11"
"22562","46223167d3","Lavori di messa in sicurezza previo assetto idrogeologico dei terreni demaniali a confine area di scavo (III – IX)",,"1329995.8","S.A.V.A. & C. Società Anonima Vendita Appartamenti e Costruzioni S.r.l.","2012-12-11"
"22563","46223167d3","Lavori di messa in sicurezza previo assetto idrogeologico dei terreni demaniali a confine area di scavo (III – IX)",,"1342247.32","SAMOA RESTAURI SRL","2012-12-11"
"22564","46223167d3","Lavori di messa in sicurezza previo assetto idrogeologico dei terreni demaniali a confine area di scavo (III – IX)",,"1361309.48","SO.GE.CO. Srl","2012-12-11"
"22565","46223167d3","Lavori di messa in sicurezza previo assetto idrogeologico dei terreni demaniali a confine area di scavo (III – IX)",,"1330156.27","Sogem","2012-12-11"
"22566","46223167d3","Lavori di messa in sicurezza previo assetto idrogeologico dei terreni demaniali a confine area di scavo (III – IX)",,,"VALORI S.C.A R.L. - CONSORZIO STABILE","2012-12-11"
"22567","46223167d3","Lavori di messa in sicurezza previo assetto idrogeologico dei terreni demaniali a confine area di scavo (III – IX)",,"1349138.22","VELLA SALVATORE","2012-12-11"
"22569","46223167d3","Lavori di messa in sicurezza previo assetto idrogeologico dei terreni demaniali a confine area di scavo (III – IX)",,,"VINCENZO MODUGNO SRL","2012-12-11"
"22570","46223167d3","Lavori di messa in sicurezza previo assetto idrogeologico dei terreni demaniali a confine area di scavo (III – IX)",,"1261505.57","VITALE COSTRUZIONI S.P.A.","2012-12-11"
"28627","ZB20A0B176","Realizzazione del Convegno ""Moenia e Urbs""","2013-06-03","15360","Andromeda s.r.l.","2013-05-30"
"28628","ZB20A0B176","Realizzazione del Convegno ""Moenia e Urbs""",,"17295","EFFE ERRE Congressi","2013-05-30"
"28981","4106680B88","Lavori di consolidamento e restauro delle strutture della Casa di Sirico",,"843065.31","Ronga","2012-09-04"
"28982","4106680B88","Lavori di consolidamento e restauro delle strutture della Casa di Sirico",,"870805.01","DRD COSTRUZIONI S.R.L.","2012-09-04"
"28984","4106680B88","Lavori di consolidamento e restauro delle strutture della Casa di Sirico",,"733592.73","Iota Restauro","2012-09-05"
"28985","4106680B88","Lavori di consolidamento e restauro delle strutture della Casa di Sirico",,"819263.04","Arkaikos Restauri","2012-09-05"
"28986","4106680B88","Lavori di consolidamento e restauro delle strutture della Casa di Sirico",,"706330.42","Lucci Salvatore Impresa di Costruzioni","2012-09-05"
"28987","4106680B88","Lavori di consolidamento e restauro delle strutture della Casa di Sirico",,"663409.23","DELL'ACQUA COSTRUZIONI GENERALI s.r.l.","2012-09-05"
"28988","4106680B88","Lavori di consolidamento e restauro delle strutture della Casa di Sirico",,"871505.43","Valentino Giuseppe - Società di costruzioni e restauro monumenti","2012-09-05"
"28989","4106680B88","Lavori di consolidamento e restauro delle strutture della Casa di Sirico",,"782402.18","Tecnorestauri","2012-09-06"
"28990","4106680B88","Lavori di consolidamento e restauro delle strutture della Casa di Sirico",,"839922.6","TECNORES","2012-09-06"
"28991","4106680B88","Lavori di consolidamento e restauro delle strutture della Casa di Sirico",,"899108.42","Lande","2012-09-06"
"28992","4106680B88","Lavori di consolidamento e restauro delle strutture della Casa di Sirico","2013-06-27","550307.86","Perillo Costruzioni Generali","2012-09-06"
"28993","4106680B88","Lavori di consolidamento e restauro delle strutture della Casa di Sirico",,"889324.89","Lattanzi","2012-09-06"
"28994","4106680B88","Lavori di consolidamento e restauro delle strutture della Casa di Sirico",,"796987.47","IMPRESA INGG MARIO E PAOLO COSENZA SRL","2012-09-06"
"28996","4106680B88","Lavori di consolidamento e restauro delle strutture della Casa di Sirico",,"814611.31","Flovares","2012-09-06"
"28997","4106680B88","Lavori di consolidamento e restauro delle strutture della Casa di Sirico",,"739344.72","Ar.fe.ga.","2012-09-06"
"28998","4106680B88","Lavori di consolidamento e restauro delle strutture della Casa di Sirico",,"886543.04","COBAR - Costruzioni Barozzi","2012-09-06"
"29000","4106680B88","Lavori di consolidamento e restauro delle strutture della Casa di Sirico",,"717403.52","COOPERATIVA ARCHEOLOGIA","2012-09-06"
"29001","4106680B88","Lavori di consolidamento e restauro delle strutture della Casa di Sirico",,"839198.6","Vitiello s.r.l.","2012-09-06"
"29002","4106680B88","Lavori di consolidamento e restauro delle strutture della Casa di Sirico",,"630486.87","EDIL.RE.CO.S","2012-09-06"
"29003","4106680B88","Lavori di consolidamento e restauro delle strutture della Casa di Sirico",,"817614.46","Edil Atellana","2012-09-07"
"29004","4106680B88","Lavori di consolidamento e restauro delle strutture della Casa di Sirico",,"823132.59","CO.GE.P.AR. COSTRUZIONI GENERALI SAS","2012-09-07"
"29005","4106680B88","Lavori di consolidamento e restauro delle strutture della Casa di Sirico",,"745096.39","I.CO.RES. S.r.l.","2012-09-07"
"29006","4106680B88","Lavori di consolidamento e restauro delle strutture della Casa di Sirico",,"616198.2","SAMOA RESTAURI SRL","2012-09-07"
"29007","4106680B88","Lavori di consolidamento e restauro delle strutture della Casa di Sirico",,"685703.3","INGEGNER ANTONIO POMPA S.R.L.","2012-09-07"
"29008","4106680B88","Lavori di consolidamento e restauro delle strutture della Casa di Sirico",,"901656.81","Edilerica","2012-09-07"
"29009","4106680B88","Lavori di consolidamento e restauro delle strutture della Casa di Sirico",,"662484.47","Research Consorzio","2012-09-07"
"29010","4106680B88","Lavori di consolidamento e restauro delle strutture della Casa di Sirico",,"796495.73","C.I.E.S. COSTRUZIONI INDUSTRIALIZZATE EDILI STRADALI","2012-09-07"
"29013","4106680B88","Lavori di consolidamento e restauro delle strutture della Casa di Sirico",,"787592.01","Izzo Mario Costruzioni s.r.l.","2012-09-07"
"29014","4106680B88","Lavori di consolidamento e restauro delle strutture della Casa di Sirico",,"927654.21","Edil COOP","2012-09-07"
"29016","4106680B88","Lavori di consolidamento e restauro delle strutture della Casa di Sirico",,"789694.4","Pa.Co. Pacifico Costruzioni","2012-09-07"
"29030","4106680B88","Lavori di consolidamento e restauro delle strutture della Casa di Sirico",,"784258.93","GEO.GA. COSTRUZIONI Sr.l.","2012-09-07"
"29828","46223167d3","Lavori di messa in sicurezza previo assetto idrogeologico dei terreni demaniali a confine area di scavo (III – IX)",,,"Consorzio Artek","2012-12-11"
"30341","41068675DB","Lavori di consolidamento e restauro delle strutture della Casa del Marinaio",,"672152.61","Ronga","2012-09-04"
"32334","41068675DB","Lavori di consolidamento e restauro delle strutture della Casa del Marinaio","2013-11-13","585381.36","Forte Costruzioni e Restauri","2012-09-04"
"33274","41068675DB","Lavori di consolidamento e restauro delle strutture della Casa del Marinaio",,"675727.07","DRD COSTRUZIONI S.R.L.","2012-09-04"
"33275","41068675DB","Lavori di consolidamento e restauro delle strutture della Casa del Marinaio",,"630973.93","Arkaikos Restauri","2012-09-05"
"33277","41068675DB","Lavori di consolidamento e restauro delle strutture della Casa del Marinaio",,"622974.53","Lucci Salvatore Impresa di Costruzioni","2012-09-05"
"33278","41068675DB","Lavori di consolidamento e restauro delle strutture della Casa del Marinaio",,"564793.49","Credendino Domenico S.r.l.","2012-09-05"
"33295","41068675DB","Lavori di consolidamento e restauro delle strutture della Casa del Marinaio",,"604151.32","Iota Restauro","2012-09-05"
"33296","41068675DB","Lavori di consolidamento e restauro delle strutture della Casa del Marinaio",,"667477.6","DELL'ACQUA COSTRUZIONI GENERALI s.r.l.","2012-09-05"
"33297","41068675DB","Lavori di consolidamento e restauro delle strutture della Casa del Marinaio",,"712328.83","Valentino Giuseppe - Società di costruzioni e restauro monumenti","2012-09-05"
"33298","41068675DB","Lavori di consolidamento e restauro delle strutture della Casa del Marinaio",,"671286.63","Tecnorestauri","2012-09-06"
"33299","41068675DB","Lavori di consolidamento e restauro delle strutture della Casa del Marinaio",,"653821.72","TECNORES","2012-09-06"
"33300","41068675DB","Lavori di consolidamento e restauro delle strutture della Casa del Marinaio",,"748427.27","Lande","2012-09-06"
"33301","41068675DB","Lavori di consolidamento e restauro delle strutture della Casa del Marinaio",,"580859.4","COOPERATIVA ARCHEOLOGIA","2012-09-06"
"33302","41068675DB","Lavori di consolidamento e restauro delle strutture della Casa del Marinaio",,"635122.65","Perillo Costruzioni Generali","2012-09-06"
"33303","41068675DB","Lavori di consolidamento e restauro delle strutture della Casa del Marinaio",,"732884.61","Lattanzi","2012-09-06"
"33305","41068675DB","Lavori di consolidamento e restauro delle strutture della Casa del Marinaio",,"677236.13","ARCHEO&RESTAURI SRL","2012-09-06"
"33306","41068675DB","Lavori di consolidamento e restauro delle strutture della Casa del Marinaio",,"633014.37","Flovares","2012-09-06"
"33308","41068675DB","Lavori di consolidamento e restauro delle strutture della Casa del Marinaio",,"642095.59","Ar.fe.ga.","2012-09-06"
"33309","41068675DB","Lavori di consolidamento e restauro delle strutture della Casa del Marinaio",,"722880.43","COBAR - Costruzioni Barozzi","2012-09-06"
"33310","41068675DB","Lavori di consolidamento e restauro delle strutture della Casa del Marinaio",,"698992.27","Vitiello s.r.l.","2012-09-06"
"33311","41068675DB","Lavori di consolidamento e restauro delle strutture della Casa del Marinaio",,"583937.29","IMPRESA INGG MARIO E PAOLO COSENZA SRL","2012-09-06"
"33312","41068675DB","Lavori di consolidamento e restauro delle strutture della Casa del Marinaio",,"560400.48","EDIL.RE.CO.S","2012-09-06"
"33313","41068675DB","Lavori di consolidamento e restauro delle strutture della Casa del Marinaio",,"697799.56","Edil Atellana","2012-09-07"
"33315","41068675DB","Lavori di consolidamento e restauro delle strutture della Casa del Marinaio",,"722486.8","CO.GE.P.AR. COSTRUZIONI GENERALI SAS","2012-09-07"
"33316","41068675DB","Lavori di consolidamento e restauro delle strutture della Casa del Marinaio",,"614015.23","SAMOA RESTAURI SRL","2012-09-07"
"33317","41068675DB","Lavori di consolidamento e restauro delle strutture della Casa del Marinaio",,"625416.21","INGEGNER ANTONIO POMPA S.R.L.","2012-09-07"
"33318","41068675DB","Lavori di consolidamento e restauro delle strutture della Casa del Marinaio",,"730686.65","Edilerica","2012-09-07"
"33319","41068675DB","Lavori di consolidamento e restauro delle strutture della Casa del Marinaio",,"678317.86","Pa.Co. Pacifico Costruzioni","2012-09-07"
"33320","41068675DB","Lavori di consolidamento e restauro delle strutture della Casa del Marinaio",,"600959.26","GEO.GA. COSTRUZIONI Sr.l.","2012-09-07"
"33321","41068675DB","Lavori di consolidamento e restauro delle strutture della Casa del Marinaio",,"759411.28","Edil COOP","2012-09-07"
"33322","41068675DB","Lavori di consolidamento e restauro delle strutture della Casa del Marinaio",,"600220.3","TEKNO DOMUS RESTAURI S.R.L.","2012-09-07"
"33323","41068675DB","Lavori di consolidamento e restauro delle strutture della Casa del Marinaio",,"568771.58","Consorzio Conpat","2012-09-07"
"33324","41068675DB","Lavori di consolidamento e restauro delle strutture della Casa del Marinaio",,"662129.63","C.I.E.S. COSTRUZIONI INDUSTRIALIZZATE EDILI STRADALI","2012-09-07"
"33326","41068675DB","Lavori di consolidamento e restauro delle strutture della Casa del Marinaio",,"636177.38","Paribello Francesco","2012-09-07"
"42963","5337430A90","PON Sicurezza per lo sviluppo - Obiettivo Convergenza 2007-2013 - Una nuova sicurezza per il parco archeologico di Pompei - STRALCIO","2013-12-12",,"Consorzio Nazionale Sicurezza","2013-10-07"
"44637","5511366B17","Acquisto attrezzature hardware e software",,"99000","Ormu di Giovanni Montella & C. s.r.l.","2014-01-15"
"48042","5169367897","Lavori di messa in sicurezza Regio VII in Pompei Scavi.",,"1991248.8","Forte Costruzioni e Restauri","2013-09-18"
"48058","5169367897","Lavori di messa in sicurezza Regio VII in Pompei Scavi.",,"1993865.56","SAMOA RESTAURI SRL","2013-09-18"
"48093","5169367897","Lavori di messa in sicurezza Regio VII in Pompei Scavi.",,"2391071.01","Ccc Consorzio Cooperative Costruzioni","2013-09-16"
"48106","5169367897","Lavori di messa in sicurezza Regio VII in Pompei Scavi.",,"2410356.08","COBAR - Costruzioni Barozzi","2013-09-18"
"48107","5169367897","Lavori di messa in sicurezza Regio VII in Pompei Scavi.",,"2420409.09","Lucci Salvatore Impresa di Costruzioni","2013-09-17"
"48134","5169367897","Lavori di messa in sicurezza Regio VII in Pompei Scavi.",,"2436236.75","Lattanzi","2013-09-17"
"48138","5169367897","Lavori di messa in sicurezza Regio VII in Pompei Scavi.",,"2502514.99","INGEGNER ANTONIO POMPA S.R.L.","2013-09-18"
"48276","51694805D8","Lavori di messa in sicurezza Regio VI – Pompei Scavi – Intervento n°VI","2014-06-16","2113583.7","Perillo Costruzioni Generali","2013-09-06"
"48292","51694805D8","Lavori di messa in sicurezza Regio VI – Pompei Scavi – Intervento n°VI",,"2166738.94","Forte Costruzioni e Restauri","2013-09-06"
"48294","51694805D8","Lavori di messa in sicurezza Regio VI – Pompei Scavi – Intervento n°VI",,"2239014.63","Lattanzi","2013-09-02"
"48296","51694805D8","Lavori di messa in sicurezza Regio VI – Pompei Scavi – Intervento n°VI",,"2257867.18","COBAR - Costruzioni Barozzi","2013-09-06"
"48298","51694805D8","Lavori di messa in sicurezza Regio VI – Pompei Scavi – Intervento n°VI",,"2272889.68","Research Consorzio","2013-09-06"
"48300","51694805D8","Lavori di messa in sicurezza Regio VI – Pompei Scavi – Intervento n°VI",,"2280726.14","Lucci Salvatore Impresa di Costruzioni","2013-09-06"
"48302","51694805D8","Lavori di messa in sicurezza Regio VI – Pompei Scavi – Intervento n°VI",,"2284894.73","Ccc Consorzio Cooperative Costruzioni","2013-09-05"
"49347","520699015","Lavori per la messa in sicurezza degli apparati decorativi della Casa di Paquio Proculo Regio I ins. 7",,"571677.91","Ambra Restauri s.r.l.","2013-09-09"
"49356","520699015","Lavori per la messa in sicurezza degli apparati decorativi della Casa di Paquio Proculo Regio I ins. 7",,,"AR Arte e Restauro","2013-09-06"
"49359","520699015","Lavori per la messa in sicurezza degli apparati decorativi della Casa di Paquio Proculo Regio I ins. 7",,,"ATRAMENTUM","2013-09-07"
"49378","520699015","Lavori per la messa in sicurezza degli apparati decorativi della Casa di Paquio Proculo Regio I ins. 7",,,"C.B.C. CONSERVAZIONE BENI CULTURALI","2013-09-06"
"49384","520699015","Lavori per la messa in sicurezza degli apparati decorativi della Casa di Paquio Proculo Regio I ins. 7",,,"C.S.R. Restauro beni culturali","2013-09-09"
"49385","520699015","Lavori per la messa in sicurezza degli apparati decorativi della Casa di Paquio Proculo Regio I ins. 7",,"588542.92","Ccc Consorzio Cooperative Costruzioni","2013-09-09"
"49541","520699015","Lavori per la messa in sicurezza degli apparati decorativi della Casa di Paquio Proculo Regio I ins. 7",,,"Corsale Maria Pia","2013-09-08"
"49546","520699015","Lavori per la messa in sicurezza degli apparati decorativi della Casa di Paquio Proculo Regio I ins. 7",,,"L'Officina","2013-09-09"
"49549","520699015","Lavori per la messa in sicurezza degli apparati decorativi della Casa di Paquio Proculo Regio I ins. 7",,,"Lattanzi","2013-09-06"
"49559","520699015","Lavori per la messa in sicurezza degli apparati decorativi della Casa di Paquio Proculo Regio I ins. 7",,,"Lucci Salvatore Impresa di Costruzioni","2013-09-06"
"49567","520699015","Lavori per la messa in sicurezza degli apparati decorativi della Casa di Paquio Proculo Regio I ins. 7",,,"R.O.M.A.","2013-09-06"
"49581","520699015","Lavori per la messa in sicurezza degli apparati decorativi della Casa di Paquio Proculo Regio I ins. 7",,,"Research Consorzio","2013-09-09"
"49582","520699015","Lavori per la messa in sicurezza degli apparati decorativi della Casa di Paquio Proculo Regio I ins. 7",,,"Scalesse Roberto","2013-09-09"
"49933","5177088C28","Restauro degli apparati decorativi pittorici e pavimentali della Casa di D.Octavius Quartio detta anche Loreio Tiburtino","2014-04-01","308441.41","C.B.C. CONSERVAZIONE BENI CULTURALI","2013-07-29"
"49935","5177088C28","Restauro degli apparati decorativi pittorici e pavimentali della Casa di D.Octavius Quartio detta anche Loreio Tiburtino",,"310632.86","AR Arte e Restauro","2013-07-26"
"49937","5177088C28","Restauro degli apparati decorativi pittorici e pavimentali della Casa di D.Octavius Quartio detta anche Loreio Tiburtino",,"319206.57","ASTREA SRL","2013-07-29"
"49939","5177088C28","Restauro degli apparati decorativi pittorici e pavimentali della Casa di D.Octavius Quartio detta anche Loreio Tiburtino",,"307637.64","ATRAMENTUM","2013-07-29"
"49941","5177088C28","Restauro degli apparati decorativi pittorici e pavimentali della Casa di D.Octavius Quartio detta anche Loreio Tiburtino",,"316288.47","C.S.R. Restauro beni culturali","2013-07-29"
"49946","5177088C28","Restauro degli apparati decorativi pittorici e pavimentali della Casa di D.Octavius Quartio detta anche Loreio Tiburtino",,"306634.54","COOPERATIVA ARCHEOLOGIA","2013-07-29"
"49950","5177088C28","Restauro degli apparati decorativi pittorici e pavimentali della Casa di D.Octavius Quartio detta anche Loreio Tiburtino",,"312144.69","Estia","2013-07-30"
"49952","5177088C28","Restauro degli apparati decorativi pittorici e pavimentali della Casa di D.Octavius Quartio detta anche Loreio Tiburtino",,"309573.65","L'Officina","2013-07-29"
"49954","5177088C28","Restauro degli apparati decorativi pittorici e pavimentali della Casa di D.Octavius Quartio detta anche Loreio Tiburtino",,"294244.05","Lattanzi","2013-07-30"
"49956","5177088C28","Restauro degli apparati decorativi pittorici e pavimentali della Casa di D.Octavius Quartio detta anche Loreio Tiburtino",,"307376.04","Lucci Salvatore Impresa di Costruzioni","2013-07-27"
"49958","5177088C28","Restauro degli apparati decorativi pittorici e pavimentali della Casa di D.Octavius Quartio detta anche Loreio Tiburtino",,"307760.59","R.O.M.A.","2013-07-29"
"49960","5177088C28","Restauro degli apparati decorativi pittorici e pavimentali della Casa di D.Octavius Quartio detta anche Loreio Tiburtino",,"313192.72","Studio C.R.C.","2013-07-29"
"55992","5472771180","Indagini geognostiche e studi per la mitigazione del rischio idrogeologico dei pianori non scavati e dei fonti di scavo delle Regiones I, IV e V e del banco roccioso del fronte sud della Regio VIII","2014-06-17",,"Geomed Srl Geoarcheologia e Geologia Ambientale","2014-02-11"
"55994","5472771180","Indagini geognostiche e studi per la mitigazione del rischio idrogeologico dei pianori non scavati e dei fonti di scavo delle Regiones I, IV e V e del banco roccioso del fronte sud della Regio VIII",,,"Georicerche","2014-02-11"
"55996","5472771180","Indagini geognostiche e studi per la mitigazione del rischio idrogeologico dei pianori non scavati e dei fonti di scavo delle Regiones I, IV e V e del banco roccioso del fronte sud della Regio VIII",,,"Geoter","2014-02-11"
"55998","5472771180","Indagini geognostiche e studi per la mitigazione del rischio idrogeologico dei pianori non scavati e dei fonti di scavo delle Regiones I, IV e V e del banco roccioso del fronte sud della Regio VIII",,,"S.in.ge.a.","2014-02-11"
"56000","5472771180","Indagini geognostiche e studi per la mitigazione del rischio idrogeologico dei pianori non scavati e dei fonti di scavo delle Regiones I, IV e V e del banco roccioso del fronte sud della Regio VIII",,,"Sondedile","2014-02-11"
"56002","5472771180","Indagini geognostiche e studi per la mitigazione del rischio idrogeologico dei pianori non scavati e dei fonti di scavo delle Regiones I, IV e V e del banco roccioso del fronte sud della Regio VIII",,,"Tecno in","2014-02-11"
"56004","5472771180","Indagini geognostiche e studi per la mitigazione del rischio idrogeologico dei pianori non scavati e dei fonti di scavo delle Regiones I, IV e V e del banco roccioso del fronte sud della Regio VIII",,,"Tethys","2014-02-11"
"56007","5472771180","Indagini geognostiche e studi per la mitigazione del rischio idrogeologico dei pianori non scavati e dei fonti di scavo delle Regiones I, IV e V e del banco roccioso del fronte sud della Regio VIII",,,"Trivel sondaggi","2014-02-11"
